id,tweet,language,date,time,user_id,name,username,retweets_count,replies_count,likes_count
1577654769098842112,Ya estÃ¡n aquÃ­ nuestros primeros mini emprendedores ğŸ¤© pasÃ¡ndoselo en grande mientras empiezan el proceso de ideaciÃ³n de sus proyectos-   Con el programa de @GenyusSchool descubren su YO emprendedor mientras se diviertenğŸ‘  Â¡AÃºn estÃ¡s a tiempo!ğŸ‘‰ https://t.co/uaEMCO1jGy  https://t.co/80gibJEUcI,es,2022-10-05,15:39:43,1162694149956603904,The Bridge,thebridge_tech,2,0,3
1577564440530124802,Â¡Feliz DÃ­a a nuestros Lead Instructors y Teacher Assistants! ğŸ‰ Sabemos que en ocasiones un #bootcamp es duro para tod@s pero cada dÃ­a dais el ğŸ’¯%  Â¡Gracias por hacer lo #digital mucho mÃ¡s fÃ¡cil!  #diamundialdelosdocentes #data #ciber #desarrollowebfullstack #mkt #uxui #cloud  https://t.co/Qnehy8ODCq,es,2022-10-05,09:40:47,1162694149956603904,The Bridge,thebridge_tech,2,0,2
1577334577701453827,"Recordaros que la semana que viene tenemos la primera quedada #CPS en Madrid, en @TheBridge_Tech, en el que tendremos la gran suerte de contar con @Recuenco para que nos dÃ© una charla. Las plazas se han agotado, pero os podÃ©is apuntar al grupo para prÃ³ximas quedadas ğŸš€",es,2022-10-04,18:27:23,1003872445,Pau Mugarra,paumugarra,2,0,12
1576951801047179264,"Â¡Vuelven las #becas Digital Talent Pipeline!  1âƒ£0âƒ£0âƒ£ becas para formarte en la prÃ³xima ediciÃ³n de nuestros #bootcamp en Madrid, Valencia y Sevilla.  Â¡Solicita ya tu beca!ğŸƒâ€â™€ï¸ https://t.co/V5kikwpJrD  #dtp #becasformacion #digitaltalent  https://t.co/q7RVbD2iLU",es,2022-10-03,17:06:22,1162694149956603904,The Bridge,thebridge_tech,1,0,1
1576902991507922944,El desarrollador web es uno de los perfiles mÃ¡s demandados en el mercado laboral ğŸ“ˆ  Descubre nuestro #bootcamp Desarrollo Web Full Stack de la mano de @TheBridge_Tech ğŸ’»  Toda la informaciÃ³n aquÃ­! ğŸ‘‡  https://t.co/LOoTu97aQq  https://t.co/xpaAzxXSDX,es,2022-10-03,13:52:25,2529499620,FormaciÃ³n FundaciÃ³n Universidad Carlos III,formacion_fuc3,3,0,3
1576856703349374976,@jorgegrev @TheBridge_Tech Enhorabuena crack!,es,2022-10-03,10:48:29,706520411551494145,JoseSola,jose_sola_,0,0,1
1575217357105946624,Hoy por fin ve la luz mi primer Case Study pÃºblico. Un trabajo intensivo de fin de bootcamp realizado con un cliente real @emancipaTIC  y dos semanas para que las 5 verticales en @TheBridge_Tech hiciÃ©semos realidad un MVP. Os invito a verlo y dar feedback.  https://t.co/rkCjxulYS9  https://t.co/PqM0dvxj3X,es,2022-09-28,22:14:18,604485175,Berta Otero,bertinha84,3,0,4
1575074337761132545,Â¡Nuevo acuerdo de colaboraciÃ³n con @michaelpage_es! ğŸ¤  ğŸ‘©â€ğŸ’»Alianza clave en nuestro objetivo de reducir la brecha de competencias digitales y dotar de profesionales tÃ©cnicos a las empresas.  #brechadigital #empleabilidad #digitaltalent  https://t.co/tEFiLxMjnA,es,2022-09-28,12:46:00,1162694149956603904,The Bridge,thebridge_tech,1,0,4
1574849353172373504,"Â¿Eres o quieres ser talento IT y estÃ¡s en EspaÃ±a? ğŸ‡ªğŸ‡¸ Si la respuesta es sÃ­, te contamos que tenemos alianzas con @IDBootcamps y @TheBridge_TechğŸ’»  Estamos felices abrir nuestras puertas para que estudiantes de nuestros partners se conviertan en futuros Yellowers ğŸ¥³",es,2022-09-27,21:51:59,1391838162830385165,Apiux TecnologÃ­a,apiuxtecnologia,1,1,2
1574307391029579777,Â¡Estamos muy orgullosos de formar equipo junto a @Stemdo_io! Participando en la formaciÃ³n de sus futuros empleados con el #bootcamp de #cloud y #devops ğŸ§‘â€ğŸ’»  Ayudando a desarrollar el talento y empleo digital en zonas con alta tasa de paro y pocas oportunidades en el sector #STEM.,es,2022-09-26,09:58:25,1162694149956603904,The Bridge,thebridge_tech,2,0,3
1573246948693651456,Y seguimos con lo prometido:  Primera quedada de la comunidad #CPS en Madrid ğŸš€:  https://t.co/xnWjKu6fPi en un espacio cedido por @TheBridge_Tech.,es,2022-09-23,11:44:36,1003872445,Pau Mugarra,paumugarra,7,0,20
1573232184454172674,@TheBridge_Tech @valerybriz @graphext Â¡Muchas gracias a @TheBridge_Tech por alojarnos! ğŸ”¥,es,2022-09-23,10:45:56,1494355208473874438,PyData Madrid,pydatamadrid,0,0,1
1573210903343992833,Ayer pudimos disfrutar del eventazo de @PyDataMadrid en nuestro palacioğŸ™ŒConocimos un montÃ³n sobre acelerar flujos de datos y modelos de aprendizaje Â¡@valerybriz y @graphext gracias por venir!  #datascience #Python  https://t.co/gh9kVA0KdD,es,2022-09-23,09:21:22,1162694149956603904,The Bridge,thebridge_tech,4,1,7
1572916570153979905,Estamos muy contentos de colaborar desde @TheBridge_Tech en esta iniciativa de @Stemdo_io porque tenemos que colaborar entre todos para desarrollar e incrementar la disponibilidad del talento,es,2022-09-22,13:51:48,12085582,diegodl,diegodl,0,0,2
1572869114896568321,"Â¿Buscando un empleo en #DataScience? Asiste a AI Careers, el primer evento en AnalÃ­tica de Datos e Inteligencia Artificial del mundo hispano-hablante.  Â¡Impulsa tu carrera y conecta con empresas y expertos! @AI_Network_es   ğŸ“…30 sep ğŸŸEntradas  https://t.co/V5FFLIOXEs  https://t.co/hwwoCo1ga0",es,2022-09-22,10:43:14,1162694149956603904,The Bridge,thebridge_tech,2,0,1
1571528997971922945,@valerybriz @graphext @TheBridge_Tech Hemos llenado el aforo âš ï¸ pero Â¡aÃºn estÃ¡s a tiempo de apuntarte a la lista de espera! Â¡Nos vemos el jueves!,es,2022-09-18,17:58:05,1494355208473874438,PyData Madrid,pydatamadrid,0,0,1
1570708211866677249,Esta semana la gerente de @BiohubVLC @sabrinafemenia ha  firmado un convenio de colaboraciÃ³n con @TheBridge_Tech para cubrir la demanda de profesionales #tech en el sector #salud  Consulta toda la informaciÃ³n sobre el acuerdo  https://t.co/YvwLOPIVV0  https://t.co/7tGh7BzxWg,es,2022-09-16,11:36:34,1131933723681800193,Biohub VLC,biohubvlc,0,0,2
1570687218565656577,â— Interesante beca formativa.  â„¹ Desde el COITCV-AVIT hemos firmando un convenio de colaboraciÃ³n con @TheBridge_Tech gracias al cual nuestros asociados y colegiados disfrutarÃ¡n de una beca en el programa Bootcamp de #Ciberseguridad.  Toda la info ğŸ‘‡  https://t.co/y45Trv55Ao,es,2022-09-16,10:13:09,1073622740,COITCV/AVIT,coitcv,0,0,0
1570460916478611457,"@AnaWhitewolf @IronhackMAD @ISDICoders @Ubiqum @4GeeksAcademyES @hackaboss_ @KeepCoding_ @uxerschool @TheBridge_Tech @CraftCodeTech @CodeHouseLearn @CodenotchMAD @NeolandStudio @Adalab_Digital @IEuniversity @lemoncoders @Open_Bootcamp Si, si, haz un PR ğŸ˜˜",es,2022-09-15,19:13:54,41110484,RaÃºl Cotrina,raulcotrina,0,0,3
1570422003366072320,"@raulcotrina @IronhackMAD @ISDICoders @Ubiqum @4GeeksAcademyES @hackaboss_ @KeepCoding_ @uxerschool @TheBridge_Tech @CraftCodeTech @CodeHouseLearn @CodenotchMAD @NeolandStudio @Adalab_Digital @IEuniversity @lemoncoders Claro! Faltamos nosotrxs, @Open_Bootcamp ğŸ˜Š. Ahora te paso la info por DM que no sÃ© si puedo ponerlo a piÃ±Ã³n en el GitHub ğŸ¸",es,2022-09-15,16:39:17,210026854,Ana AmarğŸƒ,anawhitewolf,0,1,3
1570359001090772997,"Â¡Acabamos de firmar un acuerdo con @BiohubVLC! ğŸ¤Contribuimos asÃ­ a cubrir la necesidad de profesionales digitales en un sector al alza, el #biotech ğŸ¦¿ que demanda expertos en #datascience, #ciberseguridad y #cloud &amp; #devopsğŸ§‘â€ğŸ’»  MÃ¡s info ğŸ‘‰ https://t.co/3bYdlNwT2a  https://t.co/YCxvjj13bf",es,2022-09-15,12:28:56,1162694149956603904,The Bridge,thebridge_tech,2,0,1
1570317872567558150,â— Interesante descuento en formaciÃ³n.  â„¹ Desde el COITCV-AVIT hemos firmando un convenio de colaboraciÃ³n con @TheBridge_Tech gracias al cual nuestros asociados y colegiados disfrutarÃ¡n de un descuento del 25% en el programa Bootcamp de #Ciberseguridad.   https://t.co/y45Trv4xKQ,es,2022-09-15,09:45:30,1073622740,COITCV/AVIT,coitcv,0,0,1
1570049430807785472,Hoy he hecho el primer mind map de mi vida entera gracias a @TheBridge_Tech  DÃ­a 3. Aprendiendo muchisÃ­simo.Â¡Comenzamos! #uxdesign #ui #uxui #mindmap #visualthinking #sketchnote #mentalmap #uxlearning  https://t.co/TNBOoBXIxK,es,2022-09-14,15:58:49,394734366,Sandra Huerga,sanhuerga,2,1,5
1570013370434322438,"Si te interesa el mundo del dato, python... Â¡Tenemos nuevo evento de #DataScience de la mano de @PyDataMadrid! Contaremos con @valerybriz y @graphext  ğŸ“…Jueves 22 de septiembre â°19h   Â¡No te lo pierdas!ğŸ‘‡  https://t.co/Gpe3jdqGPr  #data #cienciadedatos #python",es,2022-09-14,13:35:31,1162694149956603904,The Bridge,thebridge_tech,4,0,3
1569694413332299782,"ğŸ§‘â€ğŸ’»Â¡Feliz DÃ­a a todos los programadores y programadoras! ğŸ‘©â€ğŸ’»  Que un "";"" o ""&lt;"" no os impidan disfrutar de vuestro dÃ­a y de una profesiÃ³n tan retadora como apasionante âš”  #felizdiadelprogramador #fullstackwebdevelopment  https://t.co/tOlIkEY2Ne",es,2022-09-13,16:28:06,1162694149956603904,The Bridge,thebridge_tech,0,0,2
1569355311227568130,.@TheBridge_Tech formarÃ¡ a los futuros profesionales en ciberseguridad de @Fujitsu_ES â–¶  https://t.co/a7XYEw0DMh  https://t.co/rgmUH4Susw,es,2022-09-12,18:00:38,581925228,Fujitsu EspaÃ±a,fujitsu_es,1,0,4
1569295332076404738,"MaÃ±ana a las 18.30h tenemos otra de las sesiones sobre ""Emotional Wellness"" ğŸ§˜â€â™€ï¸, esta vez @Mariagutim de @Hiwook_Jobs nos hablarÃ¡ del sÃ­ndrome del impostor Â¿Te lo vas a perder? Saca tu entrada ğŸŸ https://t.co/QXAV18d9Uk",es,2022-09-12,14:02:17,1162694149956603904,The Bridge,thebridge_tech,1,0,2
1567815140455710721,Ya estÃ¡ abierto el registro para nuestra reuniÃ³n de septiembre: ğŸ”¥ Acelerando flujos de datos y modelos de aprendizaje   https://t.co/IwXoPprRbS  Contaremos con @valerybriz y la gente de @graphext. Â¡Nos vemos el jueves 22 de septiembre a las 19:00 en @TheBridge_Tech!,es,2022-09-08,12:00:32,1494355208473874438,PyData Madrid,pydatamadrid,5,1,8
1567802683360219136,".@TheBridge_Tech y @Fujitsu_ES se unen para incrementar el mercado de #ciberseguridad en EspaÃ±a, que cuenta con una demanda hoy de 30.000 profesionales.  LÃ©elo en @elEconomistaes.  https://t.co/7Mw1oG7FzI  https://t.co/YTpoK1CITH",es,2022-09-08,11:11:02,581925228,Fujitsu EspaÃ±a,fujitsu_es,0,0,1
1567794116418838528,Si quieres potenciar el espÃ­ritu emprendedor de tus hij@s el nuevo programa de @GenyusSchool y @TheBridge_Tech Â¡es tu sitio!ğŸ˜‰  ğŸ™Œ Un lugar donde aprender desarrollando sus propias ideas y superando retos en equipo.  MÃ¡s info ğŸ‘‰ https://t.co/4WZRbwvCK7  https://t.co/0gT0pvDvKG,es,2022-09-08,10:37:00,1162694149956603904,The Bridge,thebridge_tech,1,0,2
1566744716091265024,"Fujitsu yÂ @TheBridge_TechÂ se unen por el futuro de laÂ #ciberseguridadÂ ğŸ›¡ï¸ En virtud de esta alianza, formarÃ¡n juntos a los futuros profesionales del Ã¡rea de ciberseguridad deÂ @Fujitsu_ES, organizarÃ¡n actividades formativas, talleres, eventos...Â   https://t.co/SGdU061RHw  https://t.co/Weo3LGQuxm",es,2022-09-05,13:07:03,581925228,Fujitsu EspaÃ±a,fujitsu_es,0,0,2
1566739530413219841,Â¡Open Day #Valencia!ğŸ¤—Ven con un amig@ a conocer el campus de @uchceu y los bootcamps en #ciber #data #uxui y #fullstack ğŸ‘©â€ğŸ’»  Necesitas un cambio en tu carreraâ“ Descubre cÃ³mo puedes formarte en un perfil digital  ğŸ“…Lunes 12 â°18 horas  ğŸŸInscrÃ­bete yağŸ‘‡ https://t.co/CLUEFGvcRA,es,2022-09-05,12:46:27,1162694149956603904,The Bridge,thebridge_tech,1,0,1
1566667913934868486,@raulcotrina @AnaWhitewolf @IronhackMAD @ISDICoders @Ubiqum @4GeeksAcademyES @hackaboss_ @KeepCoding_ @uxerschool @TheBridge_Tech @CraftCodeTech @CodenotchMAD @NeolandStudio @Adalab_Digital @IEuniversity @lemoncoders Â¡Eso estÃ¡ hecho! ;),es,2022-09-05,08:01:52,1141978357640380416,CodeHouse Academy,codehouselearn,0,0,0
1566371046185369600,Nos dais una mano a ampliarlo y tenerlo actualizado? @AnaWhitewolf @IronhackMAD @ISDICoders @Ubiqum @4GeeksAcademyES @hackaboss_ @KeepCoding_ @uxerschool   @TheBridge_Tech @CraftCodeTech   @CodeHouseLearn @CodenotchMAD @NeolandStudio   @Adalab_Digital @IEuniversity @lemoncoders,es,2022-09-04,12:22:13,41110484,RaÃºl Cotrina,raulcotrina,0,3,6
1565731733085069313,. @TheBridge_Tech y @Fujitsu_ES  se unen para cubrir la demanda de profesionales en #ciberseguridad ğŸš€  https://t.co/CxHq7ipYbN #tech #tecnologÃ­a,es,2022-09-02,18:01:49,161718323,Equipos&Talento,equiposytalento,0,0,2
1565293439373172737,"Â¿SabÃ­as que laÂ #ciberseguridadÂ es la quinta Ã¡rea de empleo cuya demanda mÃ¡s ha crecido en lo que llevamos de aÃ±o? Para acompaÃ±ar en su formaciÃ³n al talento joven,Â @Fujitsu_ESÂ ha firmado una acuerdo conÂ @TheBridge_Tech.  Te contamos mÃ¡s:  https://t.co/TrXKApChsd  https://t.co/kHnpzjKtaE",es,2022-09-01,13:00:12,581925228,Fujitsu EspaÃ±a,fujitsu_es,2,0,4
1564951151124029441,"Â¿Quieres impulsar tu perfil profesional en el Ã¡mbito digital?  ğŸ”¥Â¡Descubre los #bootcamps de @ENCamaraSevilla y @TheBridge_Tech y despega en el sector tecnolÃ³gico!  ğŸš€La formaciÃ³n mÃ¡s innovadora en #DesarrolloWeb #FullStack, #DataScience y #Ciberseguridad:  https://t.co/dI7Go0yJsW  https://t.co/598NsYg0Ud",es,2022-08-31,14:20:04,106344840,CÃ¡mara de Comercio de Sevilla,camaradesevilla,11,0,13
1564930939586740224,Â¡Hemos firmado un acuerdo con @Fujitsu_ES para formar a perfiles en #ciberseguridad! Muy ilusionados con esta alianza para apoyar con formaciÃ³n a una compaÃ±Ã­a tan potente en su crecimiento en materia de seguridad informÃ¡ticağŸš€  ğŸ‘‰ https://t.co/MJKkZq24HS  #bootcamp #cyber #empleo  https://t.co/kVWSvjfq9f,es,2022-08-31,12:59:45,1162694149956603904,The Bridge,thebridge_tech,1,0,4
1564161569537363968,"ğŸ“ºHemos salido en @sextaNoticias como ejemplo de #reskilling gracias a los #bootcamps ğŸ§‘â€ğŸ’»  ğŸŸ¢""Apostar por estos procesos de reciclaje a las empresas les cuesta menos y tiene tambiÃ©n menos coste social"",@ikerarceseco, CEO @TheBridge_Tech   Noticia completağŸ‘‰ https://t.co/00YLRaZyt9",es,2022-08-29,10:02:33,1162694149956603904,The Bridge,thebridge_tech,1,0,2
1563117283601289216,"Â¿CÃ³mo es hacer un #bootcamp mientras estudias o trabajas?ğŸ’ª Nos lo cuenta JosÃ© Miguel, alumno del bootcamp de #desarrollowebfullstack en formato #parttime   Â¡Echa un vistazo a su experiencia en @thebridge! ğŸ‘€ğŸ‘‡  MÃ¡s info sobre el #parttime  https://t.co/ZuOQNwWc1H  https://t.co/AOMd0zx3FI",es,2022-08-26,12:52:56,1162694149956603904,The Bridge,thebridge_tech,1,0,1
1562455573613817859,@TheBridge_Tech y la FundaciÃ³n @uc3m firman un convenio para ofrecer #Bootcamps de #FullStak a partir de 2023 en el Campus de Puerta de Toledo.   https://t.co/S86r7sIygQ,es,2022-08-24,17:03:32,428513442,Innovaspain,innovaspain,0,0,0
1562432037436489728,La @uc3m se une a @TheBridge_Tech para potenciar la formaciÃ³n en desarrollo web.  Ambas entidades ofrecerÃ¡n bootcamps de Full Stak a partir de 2023 en el Campus de Puerta de Toledo  #UniversidadExcelente    https://t.co/b6W9OGHMg1,es,2022-08-24,15:30:00,2846700448,ConferenciaCS,conferenciacs,2,0,2
1562020403199066112,Â¡Ven a nuestro Open Day #Sevilla! ğŸ™ŒAcÃ©rcate a conocer el campus de @ENCamaraSevilla y todo sobre los bootcamps en #ciber #data y #fullstack ğŸ§‘â€ğŸ’»Â¿Quieres acelerar tu carrera digital?  ğŸŸSaca ya tu entrada y si quieres vente con un amig@ ğŸ‘‡ https://t.co/Ic7PjZCIlt  Â¡Te esperamos!,es,2022-08-23,12:14:19,1162694149956603904,The Bridge,thebridge_tech,1,0,2
1560688806445174790,"ğŸ¤ğŸ¼ @ceeivalencia y @TheBridge_Tech, primera aceleradora de talento digital, firman un convenio de colaboraciÃ³n:  https://t.co/8neFc4j8i4  ğŸ¯ Complementar la formaciÃ³n tÃ©cnica del nuevo talento, entre sus principales objetivos.",es,2022-08-19,20:03:02,89141857,Emprenemjunts,emprenemjunts,1,0,0
1558009488678043649,ğŸ™ŒÂ¡Ya han salido las listas de @CourseReport 2022 y nuestros #bootcamps de #UXUIProductDesign y #DataScience han sido seleccionados entre los mejores del mundo! â˜º Se unen asÃ­ a los programas de #Ciberseguridad y #MarketingDigital Â¡Estamos muy orgullosos!  https://t.co/ofNwNRCnIT,es,2022-08-12,10:36:23,1162694149956603904,The Bridge,thebridge_tech,4,0,5
1557454010919043079,"Muy buena sensaciÃ³n irse de vacaciones con el trabajo hecho en @TheBridge_Tech MÃ¡s alumnos, mÃ¡s satisfacciÃ³n, mÃ¡s empleabilidad y ahora revalidamos nuestra posiciÃ³n en 4 rankings de @CourseReport. Y en septiembre mÃ¡s!",es,2022-08-10,21:49:06,12085582,diegodl,diegodl,1,0,2
1557283166926299137,Â¡Estamos de enhorabuena! Lanzamos un nuevo programa de #desarrollowebfullstack con la @fundacionuc3! Muy ilusionados de colaborar con una instituciÃ³n de referencia Â¿Ready para ser #fullstack? Â¡Aprende todos los secretos del #frontend y #backend! MÃ¡s infoğŸ‘‰  https://t.co/uCUqBRFdzo  https://t.co/Q6NGSftBIQ,es,2022-08-10,10:30:14,1162694149956603904,The Bridge,thebridge_tech,2,0,1
1555459915573067776,Â¡Empezamos!ğŸ™Œ DÃ­a de #desafÃ­odetripulacionesâš” en Madrid. Mucha suerte a tod@s con vuestros proyectos Â¡Seguro que habÃ©is desarrollado unas webapps increÃ­bles! SÃ­guelo ğŸ”´EN DIRECTO  https://t.co/ejD0LT14IC,es,2022-08-05,09:45:17,1162694149956603904,The Bridge,thebridge_tech,1,0,3
1555087891872636928,"ğŸ’° Julio supera los 360 millones de euros invertidos en #startups, mientras que 2022 supera ya los 2.384 millones  Entre las rondas cerradas este Ãºltimo mes, encontramos las de nuestros socios @TheBridge_Tech y @LogistikoLabs ğŸ‘  (vÃ­a @ElReferente ğŸ—)  https://t.co/W2pfmnLmD6",es,2022-08-04,09:07:00,874916978665938945,Startup Valencia,startup_vlc,3,0,7
1554445479873810439,"Â¡Seguimos creciendo y vamos #FromGoodToGreat! Gracias a todos los que formÃ¡is parte de @the bridge Â¡Es una suerte contar con tod@s vosotr@s! Sin duda, sois el alma de la fiestağŸ‘¯â™‚ï¸ Si os la habÃ©is perdido, pronto habrÃ¡ otra y seguro, mÃ¡s cosas que celebrarğŸ˜‰  https://t.co/eTpGRVHrW8",es,2022-08-02,14:34:17,1162694149956603904,The Bridge,thebridge_tech,0,0,2
1554099392977707008,ğ——ğ—²ğ˜€ğ—®ğ—³ğ—¶ğ—¼ ğ—±ğ—² ğ˜ğ—¿ğ—¶ğ—½ğ˜‚ğ—¹ğ—®ğ—°ğ—¶ğ—¼ğ—»ğ—²ğ˜€ğŸ’»ğŸ“²  Alumnos de desarrollo web full stack y data science de @TheBridge_Tech y @uchceu nos visitaron para presentar sus proyectos finales.   #BootcampExperience #DesarrolloWeb #DataScience #DigitalTalent  https://t.co/1I6plykqEL,es,2022-08-01,15:39:03,763323065199628288,Zeus,insidezeusdata,4,0,4
1552726310186893313,@manuelfherrador @loretogf @TheBridge_Tech @uriondo @JotDownSpain @imparsifal Â¡TÃº dÃ©jales que nos 'puentean' rÃ¡pido! ğŸ™ƒ,es,2022-07-28,20:42:55,92249250,JesÃºs MarÃ­a LÃ³pez de Uribe,uribex,0,0,1
1552725704588103680,@loretogf @UribeX @TheBridge_Tech @uriondo @JotDownSpain @imparsifal Â¡Pero no va de puentes! :(,es,2022-07-28,20:40:30,45599578,Manuel F. Herrador,manuelfherrador,0,1,2
1552702280704704512,@loretogf @TheBridge_Tech @uriondo @JotDownSpain Y tanto!!,es,2022-07-28,19:07:26,462004230,Ãngel L. FernÃ¡ndez,imparsifal,0,0,2
1552701420218056704,"Comienza la masterclass en @TheBridge_Tech de @uriondo hablando de cÃ³mo evitar ser #Periodista?!?! En serio?!?! jajaja con lo que mola el curso de @JotDownSpain,  verdad @imparsifal?  https://t.co/EFVSpRN56s",es,2022-07-28,19:04:01,242444362,Loretogf,loretogf,6,2,16
1552352053346852864,MaÃ±ana tenemos esto ğŸ‘‡  https://t.co/mHGMocUoP2  Os esperamos a las 19:00 en @TheBridge_Tech para hablar de periodismo con @uriondo,es,2022-07-27,19:55:45,243608028,Jot Down Magazine,jotdownspain,5,0,4
1552252500979421186,"ğŸ¤ğŸ¼ @ceeivalencia y @TheBridge_Tech, primera aceleradora de talento digital, firman un convenio de colaboraciÃ³n:  https://t.co/8neFc4j8i4  ğŸ¯ Complementar la formaciÃ³n tÃ©cnica del nuevo talento, entre sus principales objetivos.",es,2022-07-27,13:20:10,89141857,Emprenemjunts,emprenemjunts,0,0,0
1551147845230764033,El prÃ³ximo jueves 28 estaremos em @TheBridge_Tech con @uriondo que impartirÃ¡ la masterclass Â«Evita el periodismo: una oda a la profesiÃ³nÂ». La asistencia es gratuita hasta completar aforo. Os esperamos.  https://t.co/mHGMocUoP2,es,2022-07-24,12:10:39,243608028,Jot Down Magazine,jotdownspain,10,0,15
1550108349924089856,@uriondo @GuillermoDeHaro @JotDownSpain @TheBridge_Tech @Google @ottoreuss Â¿CÃ³mo? Â¿CÃ¡pasao?,es,2022-07-21,15:20:04,92249250,JesÃºs MarÃ­a LÃ³pez de Uribe,uribex,0,0,0
1550056091274428419,@GuillermoDeHaro @JotDownSpain @TheBridge_Tech @Google 'Mala y ware' parece una colaboraciÃ³n musical entre la Mala RodrÃ­guez y @ottoreuss ğŸ˜‚,es,2022-07-21,11:52:25,2446351,Miguel Ãngel Uriondo,uriondo,0,2,2
1550055498921148417,"@GuillermoDeHaro @JotDownSpain @uriondo @TheBridge_Tech @Google SÃ­, yo tampoco quiero ser mal pensado, pero...",es,2022-07-21,11:50:04,1623075325,alfonso vila francÃ©s,vilafrances,0,0,2
1549455964159594496,@uriondo @TheBridge_Tech @JotDownSpain Justo donde nos hemos formado unos cuantos experiodistas para dejar de serlo :P IntentarÃ© ir!,es,2022-07-19,20:07:44,138734492,RaÃºl M.,cherendler_bond,0,0,2
1549450863558762497,Esto me hace ilusiÃ³n. El jueves a las 19 en @TheBridge_Tech hablarÃ© de la profesiÃ³n que amo y que ejercÃ­ locamente durante 20 aÃ±os para el Programa superior de emprendimiento en periodismo de @JotDownSpain. Elige Â¿streaming o aire acondicionado?  https://t.co/yCk9MxVa0I,es,2022-07-19,19:47:27,2446351,Miguel Ãngel Uriondo,uriondo,7,1,17
1547833539306983425,@Cased93 Â¡Ha sido un placer tenerte como jurado Daniel!â˜ºMuchas gracias por asistir y conocer de cerca el trabajo de nuestros alumnosğŸ“,es,2022-07-15,08:40:47,1162694149956603904,The Bridge,thebridge_tech,1,0,1
1547679180715806723,Un placer haber asistido hoy como miembro del tribunal por parte de Fujitsu Data Intelligence al acto de defensa y graduaciÃ³n del Bootcamp de Data Science organizado por  @TheBridge_Tech   https://t.co/jYYhs7Nmr5,es,2022-07-14,22:27:25,118748532,Daniel Castillo-Secilla,cased93,0,1,1
1547604416177442823,Â¡Empezamos! Sigue el 1Âº #desafiodetripulacionesâš” de #Sevilla @ENCamaraSevilla ğŸ”´EN DIRECTO Â¡No te pierdas el sistema de reconocimiento facial que han creado nuestros chicos de #datascience!  â–¶ https://t.co/b0ztKy2Gcm,es,2022-07-14,17:30:20,1162694149956603904,The Bridge,thebridge_tech,2,0,1
1547230643561664515,ğŸ§‘â€ğŸ“Los emprendedores y profesionales digitales del futuro han venido a visitarnos hoy  Los alumnos de @TheBridge_Tech han visto cÃ³mo trabaja un fondo VC y han mostrado su interÃ©s por conocer quÃ© grandes desafÃ­os resuelven nuestras #startups #deeptech   Mucho #talento en el Ãgora  https://t.co/FaCriTMOGw,es,2022-07-13,16:45:06,1088261225153060864,GoHub Ventures,gohubventures,1,0,4
1547209900874506241,Hoy hemos tenido una sÃºper visita a nuestras oficinas @TheBridge_TechğŸ‘‰primera Aceleradora de Talento Digital.  Hemos podido presentar @GoHubVentures  y compartir nuestros HQ con 26 de sus estudiantes y profesores Con muchas ganas de seguir colaborando con ellos en el futuro!  https://t.co/g9MzrP2hdq,es,2022-07-13,15:22:40,1232276995796586499,Ines Calabuig,inescalabuig2,3,0,8
1546817334882476032,Â¡Descubre la experiencia de Dani! â–¶ Dani estudiÃ³ una #fp en #desarrolloweb pero tenÃ­a claro que querÃ­a especializarse en #ciberseguridad ğŸ‘¾y realizÃ³ el #bootcamp en @TheBridge_Tech Â¡Fue complemento perfecto para conseguir un empleo en el sector!ğŸ¯  https://t.co/eimTUd6rUc,es,2022-07-12,13:22:45,1162694149956603904,The Bridge,thebridge_tech,2,0,0
1546397466517540866,#VentureCapital/#PrivateEquity: @TheBridge_Tech cierra una ronda de â‚¬5M liderada por Atitlan  https://t.co/iDnOZ5z5g8,es,2022-07-11,09:34:21,1085383992,Webcapitalriesgo.com,wcapitalriesgo,0,0,0
1544988613129261056,#Inversiones ğŸ’°ğŸ’°  @TheBridge_Tech ha cerrado una ronda de 5Mâ‚¬ ğŸ‘€  PRINCIPAL INVERSOR âœ”#Atitlan   â¬‡â¬‡  https://t.co/2owefjS98d,es,2022-07-07,12:16:04,27890913,El Referente,elreferente,0,0,0
1544595001086283778,#SAVETHEDATE ğŸš©| @TheBridge_Tech pone en marcha un #bootcamp orientado a formar en dos de las disciplinas que mÃ¡s estÃ¡n creciendo en EspaÃ±a: #Cloud #Computing &amp; #DevOpsâ˜ï¸  ğŸ“†12 de septiembre ğŸ•” Full-time â¬‡ï¸  https://t.co/FJ1IzSpro2,es,2022-07-06,10:12:00,190658967,hayCANAL.com,haycanal,1,0,0
1544373102997655552,"ğŸ¤ğŸ¼ @ceeivalencia y @TheBridge_Tech, primera aceleradora de talento digital, firman un convenio de colaboraciÃ³n:  https://t.co/8neFc4j8i4  ğŸ¯ Complementar la formaciÃ³n tÃ©cnica del nuevo talento, entre sus principales objetivos.",es,2022-07-05,19:30:15,89141857,Emprenemjunts,emprenemjunts,0,0,0
1544334529145573376,ğŸ¤—Â¡Ãšltimos #OpenDay antes de vacaciones!ğŸ» 3 jornadas de puertas abiertas de manera simultÃ¡nea en nuestras sedes.  Â¡Os esperamos el 13 de julio a las 18h!ğŸŸ Entradas ğŸŸ  ğŸ“Madrid  https://t.co/8tLP0mckB7 ğŸ“Sevilla  https://t.co/e1ujZn6bQd ğŸ“Valencia  https://t.co/sHdLYb6GaC  https://t.co/i4cqR7Kfwk,es,2022-07-05,16:56:58,1162694149956603904,The Bridge,thebridge_tech,0,0,0
1544231368896532480,"ğŸ“² ""De aquÃ­ al 2025 se van a crear 400.000 #empleos en el Ã¡mbito #tecnolÃ³gico y para cubrirlos serÃ¡ necesaria una #formaciÃ³n especÃ­fica como el modelo #bootcamp"", asegura Noya FernÃ¡ndez desde  @TheBridge_Tech.  https://t.co/OOo9BTkLKH",es,2022-07-05,10:07:03,196056785,ATREVIA,atrevia,2,0,2
1544223809112350723,ğŸ”´ Todo preparado en @TheBridge_Tech para la presentaciÃ³n de la nueva metodologÃ­a de employer branding 5.0 de ATREVIA para ayudar a las empresas a captar #talento.  https://t.co/8jYPDDvni2,es,2022-07-05,09:37:01,196056785,ATREVIA,atrevia,2,0,2
1543134908935200769,"ğŸ¤ğŸ¼ @ceeivalencia y @TheBridge_Tech, primera aceleradora de talento digital, firman un convenio de colaboraciÃ³n:  https://t.co/8neFc4j8i4  ğŸ¯ Complementar la formaciÃ³n tÃ©cnica del nuevo talento, entre sus principales objetivos.",es,2022-07-02,09:30:07,89141857,Emprenemjunts,emprenemjunts,0,0,2
1542929123546464261,"@HeavyMental_es @TheBridge_Tech Por favor, a ver si podeis empezar a mejorar el sonido. Muchas veces el primer paso es mÃ¡s de la mitad del camino",es,2022-07-01,19:52:23,1018473762902114304,"Eioua, o aprendiz",eioua_aprendiz,0,0,0
1542888003965689858,Atitlan liderarÃ¡ la ronda de financiaciÃ³n de 5 millones de euros de la escuela @TheBridge_Tech ğŸ’°  La empresa de formaciÃ³n de #talento ha irrumpido en el sector de la educaciÃ³n poniendo el foco en la #digitalizaciÃ³n y las nuevas tecnologÃ­as ğŸ“š  https://t.co/YoTetHhIKx,es,2022-07-01,17:09:00,874916978665938945,Startup Valencia,startup_vlc,0,0,4
1542808979293847554,@bertinha84 Â¡Vamos @bertinha84 Ã¡nimo! Te esperamos con los brazos abiertosğŸ¤—,es,2022-07-01,11:54:59,1162694149956603904,The Bridge,thebridge_tech,0,0,1
1542778977718341632,"Adeus rÃ­os, adeus fontes...TerriÃ±a, volvo pronto. Madrid allÃ¡ voy! Ya se ve cerca el final del bootcamp y voy a terminarlo de forma presencial. Un mes, un Ãºltimo empujÃ³n. @TheBridge_Tech",es,2022-07-01,09:55:46,604485175,Berta Otero,bertinha84,1,1,5
1542460541800783872,"ğŸ“¢Nos alegra muchÃ­simo contaros esta gran noticia: tendremos el placer de contar con @TheBridge_Tech, un acuerdo que nos permitirÃ¡ ofrecer mÃ¡s herramientas para acelerar el talento digital a nuestras #startups ğŸ‘  @AmparoGalbis1 @RamonCEEIVLC   https://t.co/Mkhinty1B6",es,2022-06-30,12:50:25,284115545,CEEI Valencia,ceeivalencia,2,0,4
1542448899645968384,@NadaQueGanarPod Estais invitados desde ya a hacer el primero de la prÃ³xima en @TheBridge_Tech y no se que lios os traeis con @_miki pero si quereis combo hay hueco,es,2022-06-30,12:04:09,12085582,diegodl,diegodl,0,0,1
1542415478618050560,"ğŸ¤ Gracias al convenio firmado con @TheBridge_Tech trabajaremos de forma conjunta en la realizaciÃ³n de cursos, jornadas, actividades formativas, foros de discusiÃ³n y asesoramiento mutuo en las acciones desarrolladas por ambas entidades.    https://t.co/gNPhADnlkk",es,2022-06-30,09:51:21,1073622740,COITCV/AVIT,coitcv,0,0,1
1542413891124301826,Hoy master class de  @figma  y UIX en @TheBridge_Tech   https://t.co/fybYqXpUL6,es,2022-06-30,09:45:02,1437833350732034050,Javier Polaris,javierpolaris,0,0,1
1542238336894603265,@HeavyMental_es @TheBridge_Tech Buscando el pollo ğŸ£,es,2022-06-29,22:07:27,14661878,carlosmcabo,carlosmcabo,0,0,1
1542225403242332161,"@HeavyMental_es @UbaldoHervas @DavidAlayon @Recuenco @_miki @GuillermoDeHaro @TheBridge_Tech Te me tienes que cuidar ehhhh  y por cierto, colleja por venir a Madrid, hacer un podcast en directo y no avisarme  Capullo!!! ğŸ¤£ğŸ¤£ğŸ¤£ğŸ¤£",es,2022-06-29,21:16:03,40046861,Carlos M. Diaz,carlosmdh,0,1,4
1542224097089822726,@HeavyMental_es @UbaldoHervas @DavidAlayon @Recuenco @_miki @GuillermoDeHaro @TheBridge_Tech El segundo por la derecha de la primera fila es mikki?,es,2022-06-29,21:10:52,40046861,Carlos M. Diaz,carlosmdh,0,1,3
1542208686881390592,No todo va a ser trabajar!! Equipo UCuber #TheBridge @TheBridge_Tech  #FullStack #javascript30  https://t.co/u6K9rWwoqb,es,2022-06-29,20:09:38,1437833350732034050,Javier Polaris,javierpolaris,0,0,0
1542206287915585536,El sentido de la vida ya no es 42 -- Light Mental ediciÃ³n especial @TheBridge_Tech  https://t.co/z7hOVln8Bp,es,2022-06-29,20:00:06,1255794072280842240,Heavy Mental,heavymental_es,3,2,22
1542124257114734595,#Atitlan invierte en una una ronda de financiaciÃ³n de 5 millones de euros en @TheBridge_Tech   https://t.co/7eN3zLMYpg a travÃ©s de @elEconomistaes,es,2022-06-29,14:34:08,3175666499,elEconomistaCV,eleconomistacv,1,0,3
1542075584158830594,"Â¡Un placer tener ayer a empresas como @sesamehr_ , @feending y @LORIOTio con nosotros en la #TechTalksValencia! ğŸ¤—Descubriendo un poquitoâ•del sector y de cÃ³mo funciona y se trabaja en un negocio digital ğŸ“²  #sectortech #digitaltalent #empleabilidad  https://t.co/GGyoigRCQt",es,2022-06-29,11:20:44,1162694149956603904,The Bridge,thebridge_tech,4,0,4
1541859665570664448,@fernandojsg @HeavyMental_es @DavidAlayon @Recuenco @_miki @GuillermoDeHaro @TheBridge_Tech Y queremos.,es,2022-06-28,21:02:45,1434890317640126469,Sergio Berbis,sergio_berbis,0,0,3
1541830701863034880,"@GuillermoDeHaro @Mulder01198676 @HeavyMental_es @DavidAlayon @Recuenco @_miki @TheBridge_Tech Jajajaja lo voy a buscar solo para darle laik, errete y suscribirme.   Puto genio Mulder",es,2022-06-28,19:07:39,427660452,Antonio MuÃ±iz,antonio_muniz_c,0,0,3
1541826498650406913,"@HeavyMental_es @DavidAlayon @Recuenco @_miki @GuillermoDeHaro @TheBridge_Tech Yo no pude ir...ğŸ˜­ğŸ˜­ğŸ˜­ğŸ˜­ğŸ˜­ Por tema serio.. Felicidades!!!! Os lo merecÃ©is, locos maravillosos de @HeavyMental_es! @_miki, @davidalayon y @Recuenco ğŸ‘ğŸ»ğŸ‘ğŸ»ğŸ‘ğŸ»ğŸ‘ğŸ» la vida es mÃ¡s vida y salvaje mental  gracias a vosotros.  Esperando merchandising para verano!!  https://t.co/gwG9cndOaA",es,2022-06-28,18:50:57,317352917,Mayte Tortosa Laso,mtortosal,0,0,3
1541817440207884288,"@didacjo1 @_miki @samuelgil He de decir que luego pusieron cervezas, pero porque se estiraron los de @TheBridge_Tech... para el prÃ³ximo evento @HeavyMental_es lo del currasco tiene que estar sÃ­ o sÃ­  https://t.co/euwFxXpDNs",es,2022-06-28,18:14:57,276656109,Jorge OrdovÃ¡s,joobid,0,0,2
1541798453923221508,"La empresa de formaciÃ³n de talento y competencias digitales, @TheBridge_Tech , acaba de anunciar una ronda de financiaciÃ³n por un total de 5 millones de euros liderada por Atitlan  https://t.co/AProTjb79k",es,2022-06-28,16:59:31,271028835,Valientes Emprendedores,valientesempren,3,0,5
1541777929968967683,@HeavyMental_es @DavidAlayon @Recuenco @_miki @GuillermoDeHaro @TheBridge_Tech No os olvidÃ©is de cargar bien la pala que llega la recesiÃ³n  https://t.co/RGJccI8lSY,es,2022-06-28,15:37:58,1482505294232043523,didacjo,didacjo1,0,0,2
1541770768123658243,@GuillermoDeHaro @Mulder01198676 @HeavyMental_es @DavidAlayon @Recuenco @_miki @TheBridge_Tech Siempre se puede firmar el pollo en lugar de la pata. Ya tÃº sabeh,es,2022-06-28,15:09:30,803255406,MÃ³nica Quintana,moquintana,0,0,2
1541770632991764480,"@Mulder01198676 @GuillermoDeHaro @HeavyMental_es @DavidAlayon @Recuenco @_miki @TheBridge_Tech Jajaja, eso espero, sÃ­",es,2022-06-28,15:08:58,803255406,MÃ³nica Quintana,moquintana,0,0,2
1541770429097975815,@moquintana @GuillermoDeHaro @HeavyMental_es @DavidAlayon @Recuenco @_miki @TheBridge_Tech Ups!!! Lo siento @moquintana en nada estas haciendo nuevas excursiones por la jungla! ğŸ’ªğŸ¼ğŸ˜ƒ,es,2022-06-28,15:08:09,1493264171705765890,Mulder,mulder01198676,0,1,5
1541770149031809024,@Mulder01198676 @GuillermoDeHaro @HeavyMental_es @DavidAlayon @Recuenco @_miki @TheBridge_Tech Poca broma con lo de romperse las piernas. Â¡Ains!,es,2022-06-28,15:07:02,803255406,MÃ³nica Quintana,moquintana,0,1,4
1541768275146719233,"@GuillermoDeHaro @moquintana @HeavyMental_es @DavidAlayon @Recuenco @_miki @TheBridge_Tech Fimarme las patas, me suena a romperme las piernas y firmarme la escayoala! en quÃ© estais pensando???  https://t.co/RwITuAdVOU",es,2022-06-28,14:59:36,1493264171705765890,Mulder,mulder01198676,0,1,3
1541765922775498756,@moquintana @GuillermoDeHaro @HeavyMental_es @DavidAlayon @Recuenco @_miki @TheBridge_Tech Por supuesto! ğŸ˜‰,es,2022-06-28,14:50:15,1493264171705765890,Mulder,mulder01198676,0,0,4
1541765527051304960,"@Mulder01198676 @GuillermoDeHaro @HeavyMental_es @DavidAlayon @Recuenco @_miki @TheBridge_Tech Â¡AhÃ­, ahÃ­, nuestro libro jugando con la primera liga!  En cuanto a la firma, por supuesto que sÃ­. Te podemos firmar la mesa, tambiÃ©n ğŸ¤£",es,2022-06-28,14:48:40,803255406,MÃ³nica Quintana,moquintana,0,2,6
1541751877213331459,"@Recuenco @PauMugarra @HeavyMental_es @DavidAlayon @_miki @GuillermoDeHaro @TheBridge_Tech La edad no perdona, en cuclillas te caÃ­as...y te has tenido que sujetar, con cierto estilo, lo reconozco. Enhorabuena por la jornada",es,2022-06-28,13:54:26,779234238977675264,Daniel Granados,danieldanigran,0,0,2
1541751543770357763,@GuillermoDeHaro @HeavyMental_es @DavidAlayon @Recuenco @_miki @TheBridge_Tech Pues ya tengo para las otras 3 patas ğŸ¤£   @DavidAlayon @moquintana teneis una firma pendiente para uno de estos ğŸ˜‰  https://t.co/sXd1RPXmTi,es,2022-06-28,13:53:07,1493264171705765890,Mulder,mulder01198676,1,1,6
1541749770208911360,"@HeavyMental_es @DavidAlayon @Recuenco @_miki @GuillermoDeHaro @TheBridge_Tech Joder, estoy encantado de haber sido el mÃ¡s tonto de ESA habitaciÃ³n!  https://t.co/NDcYvsfaKV",es,2022-06-28,13:46:04,1493264171705765890,Mulder,mulder01198676,0,1,3
1541738588190216198,"@HeavyMental_es @DavidAlayon @Recuenco @_miki @GuillermoDeHaro @TheBridge_Tech Recuenco haciendo Break dance, lo prÃ³ximo beatbox",es,2022-06-28,13:01:38,147255980,Love is my message,k4rliky,0,0,5
1541735069995376640,@PauMugarra @HeavyMental_es @DavidAlayon @Recuenco @_miki @GuillermoDeHaro @TheBridge_Tech Nunca dejarÃ¡ de ser el Enfant terrible,es,2022-06-28,12:47:39,401397656,FarmaInquieto,farmainquieto,0,0,2
1541703736749424641,@HeavyMental_es @DavidAlayon @Recuenco @_miki @GuillermoDeHaro @TheBridge_Tech Recuenco pose  https://t.co/5likSnfZUI,es,2022-06-28,10:43:08,276656109,Jorge OrdovÃ¡s,joobid,0,0,12
1541690507600056320,@Mulder01198676 @PauMugarra @DavidAlayon @Recuenco @_miki @GuillermoDeHaro @TheBridge_Tech SÃ­ a todo,es,2022-06-28,09:50:34,1255794072280842240,Heavy Mental,heavymental_es,0,1,1
1541682809370300417,@PauMugarra @HeavyMental_es @DavidAlayon @Recuenco @_miki @GuillermoDeHaro @TheBridge_Tech Aterrizaje de superheroe.  https://t.co/eogE03ZSwR,es,2022-06-28,09:19:59,1493264171705765890,Mulder,mulder01198676,0,1,5
1541678686751133698,Gracias @HeavyMental_es por la tarde de ayer y a todos los asistentes Â¡Ã‰xito absoluto! ğŸ™ğŸ‘,es,2022-06-28,09:03:36,1162694149956603904,The Bridge,thebridge_tech,4,0,22
1541676593323573249,@PauMugarra @HeavyMental_es @DavidAlayon @_miki @GuillermoDeHaro @TheBridge_Tech Que intentaba no tapar a nadie de detrÃ¡s.,es,2022-06-28,08:55:17,7154412,Javier G. Recuenco,recuenco,0,2,1
1541675702487072768,"@Recuenco Que guay, supervisora de lujo y buen sitio. Saludos a los amigos de @TheBridge_Tech @nodosenlared",es,2022-06-28,08:51:45,15993641,Amalio A. Rey,arey,1,0,3
1541674892390719490,@HeavyMental_es @DavidAlayon @Recuenco @_miki @GuillermoDeHaro @TheBridge_Tech QuÃ© le pasa a Javier en la foto? Esa pose no es normal ğŸ™ˆ,es,2022-06-28,08:48:31,1003872445,Pau Mugarra,paumugarra,0,3,2
1541563017241976835,"Gracias @HeavyMental_es por la elocuencia de @Recuenco, la disciplina de @DavidAlayon, y la perfecta felicidad de @_miki para crear el Ã¡gora en @TheBridge_Tech: @GuillermoDeHaro @jatorrero @PedroAeriaa @mevasjimenez @joobid @marianosarmient @fyustas1 @_sergiosanjuan y otros 42ğŸ‘  https://t.co/iPKI9axebY",es,2022-06-28,01:23:58,212364786,Gonzalo OsÃ©s,designetworking,0,0,10
1541558488001822725,@Bombabarros @Mulder01198676 @_miki @Recuenco @DavidAlayon @GuillermoDeHaro @moquintana @TheBridge_Tech Gracias por venir y buen viaje de vueltaâ€¦ eres top!!,es,2022-06-28,01:05:58,1255794072280842240,Heavy Mental,heavymental_es,0,0,3
1541557726777692161,"@HeavyMental_es @Mulder01198676 Resultado apabullante de los locales, el pÃºblico enloqueciÃ³ con el juego de su equipo y no dejaron de animar hasta que fueron desalojados. MuchÃ­simas gracias!!! @HeavyMental_es @_miki @Recuenco @DavidAlayon @GuillermoDeHaro @moquintana @TheBridge_Tech  https://t.co/osw6AlqUgq",es,2022-06-28,01:02:57,230190180,Miguel barros guerra,bombabarros,1,1,6
1541523364094906370,@designetworking @GuillermoDeHaro @HeavyMental_es @Recuenco @TheBridge_Tech Pero debo reconocer que el premio por preguntar sobre la influencia de El Pollo Pepe en la obra literaria de @Recuenco y @GuillermoDeHaro ha merecido la pena. @HeavyMental_es fidelis ğŸ¤˜  https://t.co/0bmUpQuoBN,es,2022-06-27,22:46:24,276656109,Jorge OrdovÃ¡s,joobid,1,0,8
1541496472541315073,"@joobid @GuillermoDeHaro @HeavyMental_es @Recuenco @TheBridge_Tech InspiraciÃ³n para innovar. La clave no es quien inventa, si no, quiÃ©n traduce a la masa citando a quien inventa.",es,2022-06-27,20:59:33,212364786,Gonzalo OsÃ©s,designetworking,0,0,1
1541494873265676289,"@designetworking @GuillermoDeHaro @HeavyMental_es @Recuenco @TheBridge_Tech Alguien tenÃ­a que preguntarlo. No quiero hablar de plagio, que es palabra gruesa, pero buena parte de los fundamentos del libro de @GuillermoDeHaro y @Recuenco estaba ya en El Pollo Pepe. Y lo saben  https://t.co/Jtt4XVIsCT",es,2022-06-27,20:53:12,276656109,Jorge OrdovÃ¡s,joobid,2,2,11
1541493843316580354,Primera micro clase de un profe de @TheBridge_Tech a los @HeavyMental_es &amp; @GuillermoDeHaro  https://t.co/r9T6R29Sg2,es,2022-06-27,20:49:06,212364786,Gonzalo OsÃ©s,designetworking,0,0,3
1541492108703531008,"@joobid lanzando la pregunta del millÃ³n de euros a @GuillermoDeHaro sobre ""El Pollo Pepe"", que nos marca la X del mapa de @HeavyMental_es, hacia la esencia del 42 o la transcendencia del sentido de la vida que plantea el estoicismo como nos recuerda @Recuenco  en @TheBridge_Tech  https://t.co/8ft1LaMH47",es,2022-06-27,20:42:12,212364786,Gonzalo OsÃ©s,designetworking,1,1,6
1541484295465959427,Gracias a @TheBridge_Tech por facilitar la desvirtualizaciÃ³n de tuiteros que nos encontramos alrededor de @HeavyMental_es y las turras del @Recuenco,es,2022-06-27,20:11:10,212364786,Gonzalo OsÃ©s,designetworking,0,0,2
1541477869620281345,"Hoy tenemos invitados en @TheBridge_Tech. Los chicos de @HeavyMental_es y @GuillermoDeHaro  hablando sobre el sentido de la vida, o algo  https://t.co/sGeJVf3HFN",es,2022-06-27,19:45:38,12085582,diegodl,diegodl,0,0,2
1541470520658493440,"Que nos dice Pedro SÃ¡nchez, que si le compramos todos los libros del @Recuenco y @GuillermoDeHaro nos invita a unas caÃ±as en @TheBridge_Tech por el encuentro de @HeavyMental_es  https://t.co/hdJRlA1QD8",es,2022-06-27,19:16:25,212364786,Gonzalo OsÃ©s,designetworking,0,0,3
1541448970123223040,@TheBridge_Tech @HeavyMental_es @Alienta Casi! Justo estaba rellenando datos ğŸ¤£,es,2022-06-27,17:50:47,140757340,Roberto Ballester,roberballester,0,0,1
1541445570925133825,@TheBridge_Tech @Recuenco @HeavyMental_es @Alienta tendrÃ© que colarme?  https://t.co/sfp5t11RPi,es,2022-06-27,17:37:17,62495833,Vicente Marco,vmcasamayor,0,0,2
1541445021068627969,@TheBridge_Tech @Recuenco @HeavyMental_es @Alienta pero quedan entradas o no? Cojone!,es,2022-06-27,17:35:06,62495833,Vicente Marco,vmcasamayor,0,1,3
1541403967581831169,"@HeavyMental_es @TheBridge_Tech @Recuenco @GuillermoDeHaro Cada vez que pulsas la frase es distinta, no hace falta ni editar luego...",es,2022-06-27,14:51:58,276656109,Jorge OrdovÃ¡s,joobid,0,0,1
1541403726182858753,"@joobid @TheBridge_Tech @Recuenco @GuillermoDeHaro Si claro, Miki no tiene otra cosa que hacer",es,2022-06-27,14:51:00,1255794072280842240,Heavy Mental,heavymental_es,0,1,1
1541403632104620033,@joobid @HeavyMental_es @TheBridge_Tech @GuillermoDeHaro DÃ©jalo cortocircuitado en Always on.,es,2022-06-27,14:50:38,7154412,Javier G. Recuenco,recuenco,0,0,1
1541403277752995841,@HeavyMental_es @TheBridge_Tech Â¿Me llevo el botÃ³n para el directo de hoy @Recuenco @GuillermoDeHaro?  https://t.co/CSjtCXQ64B,es,2022-06-27,14:49:13,276656109,Jorge OrdovÃ¡s,joobid,0,2,2
1541347694802882567,"@HeavyMental_es @TheBridge_Tech Si al final el ""de pedir"" funciona  https://t.co/1A2PyYMAol",es,2022-06-27,11:08:21,779899,Juan Antonio Torrero,jatorrero,0,0,1
1541334998892036096,"@jatorrero @TheBridge_Tech Juan Antonio, te mandamos dm para que te vengas que hay hueco!",es,2022-06-27,10:17:55,1255794072280842240,Heavy Mental,heavymental_es,0,1,2
1541303566597496833,"@HeavyMental_es @TheBridge_Tech Moviendo satÃ©lites pero ya!!. Huy, Â¿y si piensan que son sat Rusos?. Al riesgo que mola.",es,2022-06-27,08:13:00,1454470440513122305,Ãngel navarro batista,navarro_batista,0,0,1
1541297237485035520,@navarro_batista @TheBridge_Tech En orbyt ya si eso.,es,2022-06-27,07:47:51,1255794072280842240,Heavy Mental,heavymental_es,0,1,1
1541294547489136640,@HeavyMental_es @TheBridge_Tech Que se grabe para el Orbe. Toy en otra plataforma.,es,2022-06-27,07:37:10,1454470440513122305,Ãngel navarro batista,navarro_batista,0,1,1
1541266958259306496,"@HeavyMental_es @TheBridge_Tech @GuillermoDeHaro @Recuenco @Alienta Si hay que bajar al barro, se baja.",es,2022-06-27,05:47:32,230190180,Miguel barros guerra,bombabarros,0,0,2
1541266817624203264,@HeavyMental_es @TheBridge_Tech @GuillermoDeHaro @Recuenco @Alienta El plan // La ejecuciÃ³n  https://t.co/z6upT5d5Zn,es,2022-06-27,05:46:59,230190180,Miguel barros guerra,bombabarros,1,1,4
1541123745078824965,"@HeavyMental_es @TheBridge_Tech ğŸ˜ğŸ˜ğŸ˜ Triste es de pedir, pero mÃ¡s triste es de robar.   Si alguno no va a Ãºltima hora, mis DMs estÃ¡n abiertos.",es,2022-06-26,20:18:28,779899,Juan Antonio Torrero,jatorrero,0,1,5
1541062348970115072,"@CarlosLGonzalez @TheBridge_Tech Yes, seguramente martes a la misma hora en todos lados :)",es,2022-06-26,16:14:30,1255794072280842240,Heavy Mental,heavymental_es,0,0,2
1541061827169230848,@HeavyMental_es @TheBridge_Tech Puta vida... Los sudacas nos jodemos... Me quedarÃ© tomando mientras espero que tengan piedad de nosotros y lo publiquen en Youtube... Porque de Twitch no se nada,es,2022-06-26,16:12:25,49154622,Carlos Gonzalez,carloslgonzalez,0,1,3
1541060983476584448,"@CarlosLGonzalez @TheBridge_Tech SÃ­, vida real se llama.",es,2022-06-26,16:09:04,1255794072280842240,Heavy Mental,heavymental_es,0,1,1
1541057117045530626,@HeavyMental_es @TheBridge_Tech No va en directo por ninguna plataforma!!???,es,2022-06-26,15:53:42,49154622,Carlos Gonzalez,carloslgonzalez,0,1,1
1541046264539893760,"ğŸ•£ TIC, TAC: MAÃ‘ANA os vemos a todos a las 7.30pm en nuestro evento en directo en MADRID en @TheBridge_Tech   ğŸš¨Para los que no vayÃ¡is, TRANQUILOS, seguramente el martes lo emitamos para todos vosotros :D",es,2022-06-26,15:10:35,1255794072280842240,Heavy Mental,heavymental_es,6,6,17
1539565619728814082,"@HeavyMental_es @TheBridge_Tech @GuillermoDeHaro @Recuenco @Alienta Â¡Â¡Â¡Que poco queda ya para el evento!!!  @_miki te pillo en ""La Coru"" y nos hacemos un blablacar? podrÃ­a salir un podcast dpm de ahÃ­ ğŸ˜‚.  https://t.co/cptLyWZ7Ip",es,2022-06-22,13:07:02,1493264171705765890,Mulder,mulder01198676,0,0,3
1539550883331166213,"ğŸ“¢MiÃ©rcoles 6 de julio, 18h evento con @GoogleES donde hablaremos de #CloudComputingâ˜ï¸ las nuevas herramientas como #kubernetes #Serverless #CI #CD y los perfiles que actualmente necesitan las empresas #devops #cloud   ğŸŸSaca ya tus entradasğŸ‘‡   https://t.co/4TxR37UlfR",es,2022-06-22,12:08:28,1162694149956603904,The Bridge,thebridge_tech,0,0,0
1539280728978071553,"@TheBridge_Tech @LORIOTio @sesamehr_ @feending @uchceu Buenas, disculpad, se estÃ¡ emitiendo ya la charla sobre GOOGLE ADS desde cero??  No puedo acceder desde ZOOM",es,2022-06-21,18:14:58,1474204478983348227,danilo huertas,danilohuertas_h,0,0,0
1539164971765989378,Â¿Quieres aprender sobre #ciberseguridad? ğŸ‘©â€ğŸ’»  La aceleradora de #talento digital @TheBridge_Tech organiza esta tarde un taller en #Valencia en el que aprenderÃ¡s a utilizar algunas herramientas bÃ¡sicas de la mano de los mejores profesores ğŸ‘¥  Â¡RegÃ­strate! âœ  https://t.co/IhiitXLjHT  https://t.co/SfcT0HbRow,es,2022-06-21,10:35:00,874916978665938945,Startup Valencia,startup_vlc,0,0,4
1538882376138477569,Â¡Llega la 1Âª #TechTalks en #Valencia!ğŸ™Œ Un encuentro con @LORIOTio @sesamehr_ y @feending en el que nos contarÃ¡n su visiÃ³n de negocio ligada a la tecnologÃ­a y debatiremos sobre la importancia de perfiles digitales ğŸŸÂ¡Saca ya tu entrada!ğŸ‘‡@uchceu  https://t.co/42tVP5NZ4Y,es,2022-06-20,15:52:04,1162694149956603904,The Bridge,thebridge_tech,0,1,1
1536966880866586626,Hoy @TheBridge_Tech a las 18:00: Taller Data Science Valencia: Mi primera aplicaciÃ³n de web de IA  https://t.co/DbwCfYaaX3,es,2022-06-15,09:00:34,421798449,VLCTechHub,vlctechhub,1,0,1
1536745017036918793,AquÃ­ estamos ğŸ˜Š a punto de comenzar #LPCxMAD con @MercadonaTech en @TheBridge_Tech  Ga-na-zas!! ğŸ™Œ  https://t.co/Z35gVk2i1x,es,2022-06-14,18:18:58,1088043591681871872,La Product Conf & LPCx EspaÃ±a,laproductconfes,1,1,4
1536710498712006660,"Â¡Lanzamos las becas @viewnext para estudiar #Cloud &amp; #DevOps â˜ï¸! Si quieres formarte en una profesiÃ³n con futuro y alta demanda, infÃ³rmate sobre las becas para estudiar un #bootcamp en @TheBridge_Tech ğŸ™Œ Solicita la tuya â¡  https://t.co/pvfZneLd1d  https://t.co/li3VtNpZDo",es,2022-06-14,16:01:48,1162694149956603904,The Bridge,thebridge_tech,0,0,1
1536427396437577728,"@HeavyMental_es @TheBridge_Tech @Atorrerus @Mulder01198676 @joansabater @PesetJairo @pelayoarbues @adriskou @estodopornada No ha podido ser, otra vez serÃ¡.  Gracias en cualquier caso por la iniciativa ğŸ˜‰",es,2022-06-13,21:16:51,56674550,Nacho CG,na5ho,0,0,2
1536365482680401921,@HeavyMental_es @TheBridge_Tech @Atorrerus @joansabater @PesetJairo @pelayoarbues @adriskou @estodopornada EstÃ¡n cotizadÃ­simas!... las entradas  @HeavyMental_es son el Dogecoin del universo podcasting. #Tothemoooooon  https://t.co/Ddn73iUJ0y,es,2022-06-13,17:10:50,1493264171705765890,Mulder,mulder01198676,0,0,2
1536361884009615361,@HeavyMental_es @TheBridge_Tech @Atorrerus @Mulder01198676 @joansabater @PesetJairo @adriskou @estodopornada yo que iba a hacer reventa...,es,2022-06-13,16:56:32,55193695,Pelayo ArbuÃ©s,pelayoarbues,0,0,2
1536321996367224838,@HeavyMental_es @TheBridge_Tech @Atorrerus @Mulder01198676 @joansabater @pelayoarbues @adriskou @estodopornada Gracias por intentarlo pero las seÃ±ales me dicen que no debÃ­a estar (mala suerte que trabajando 3h sueltas los lunes me haya pillado trabajando xdd). Me tocarÃ¡ esperarme a la ediciÃ³n de Valencia ğŸ”¥ğŸ¤˜ğŸ˜‰,es,2022-06-13,14:18:02,962578275162869760,Jairo P,pesetjairo,0,0,0
1536313018321190912,Lo conseguÃ­!!! Gracias @TheBridge_Tech  @HeavyMental_es,es,2022-06-13,13:42:21,18955785,Javi PÃ©rez âš¡ ğŸ˜ Learning by doing. ğŸ¦¾ ğŸ’» ğŸ“š ğŸš€,javimostoles,0,0,1
1536311923423203331,@TheBridge_Tech @HeavyMental_es @Alienta Â¡Y yo! Que buena forma de empezar la semana.,es,2022-06-13,13:38:00,15521945,Bill Murphy,wmurphy,0,0,1
1536310998319210496,@TheBridge_Tech @HeavyMental_es @Alienta Â¡La tengo!,es,2022-06-13,13:34:19,10614452,Pablo J. Contreras.,pcontrer,0,0,2
1536310702876549123,Lo prometimos y han llegado gracias a @TheBridge_Tech ... Ãºltimas entradas para el podcast 27 en directo :D  cc @Atorrerus @Mulder01198676 @joansabater @PesetJairo @pelayoarbues @adriskou @estodopornada,es,2022-06-13,13:33:09,1255794072280842240,Heavy Mental,heavymental_es,2,4,6
1536310176801857538,"Â¡Ãšltimas1âƒ£0âƒ£entradas! El lunes 27 de junio acogeremos la grabaciÃ³n de ""El sentido de la vida ya no es 42"" un episodio del podcast de @HeavyMental_es, donde presentarÃ¡n ""El pequeÃ±o libro de la filosofÃ­a estoica"" de @Alienta Si quieres asistir como pÃºblicoğŸ‘‰ https://t.co/Vp0zHYIRua",es,2022-06-13,13:31:04,1162694149956603904,The Bridge,thebridge_tech,2,6,4
1536267654717132801,"@HeavyMental_es @PesetJairo @TheBridge_Tech @GuillermoDeHaro @Recuenco @Alienta Inocente de mi, que lo daba por hecho...",es,2022-06-13,10:42:06,1434890317640126469,Sergio Berbis,sergio_berbis,0,0,2
